channel,saturation_beta
Facebook_Spend,1.9074873096464633
Instagram_Spend,1.4492594814799096
TV_Spend,1.707563350982436
YouTube_Spend,1.209498153960576
