channel,channel_contribution
Facebook_Spend,69.30854115484004
Instagram_Spend,71.3466771570815
TV_Spend,67.61557909733337
YouTube_Spend,45.77617861629944
